id,name
0,3-2-1
1,3 Day Weekend
2,3 Pilares
3,4x1
4,5 Spot
5,3: 20 in the Morning
6,3 o'clock
7,4th and Clyde
8,5 O'Clock Tea
9,8 Amaro Sazerac
10,8th Arrondissement
11,.38 Special
12,53 Souvenirs
13,92 Siestas
14,221b
15,15 Second Punch
16,The 40th Lady
17,69 Holland
18,100-Year-Old Cigar
19,1790
20,1794
21,1795
22,1818 Cocktail
23,1910
24,About Face
25,Absinthe Frappe
26,Absinthe Frappe (Jamie Boudreau)
27,Absolution
28,Across 110th Street
29,Across The River
30,Ada Lovecraft
31,Adak National Forest
32,The Adams
33,Adirondack
34,Adventures Close to Home
35,Adair Hook
36,Adam's Words
37,Adelphi Cocktail
38,Adonis (PX)
39,Aeroplane Over the Sea
40,Affaires de l'amour
41,After the Gold Rush
42,Aftermath
43,Aged to Perfection
44,Aid and Abet
45,After Eight
46,Afterburner
47,Agave Gracias
48,Agnostic Monk
49,Airbag
50,Aisy Uchanan
51,Akoya
52,Alaska Forest
53,Alberto
54,Alcatraz
55,Ajax
56,Aladdin
57,Albert Park Swizzle
58,Albiconi
59,Alchemist (Sam Fraser)
60,Algarrobina
61,All American Autumn
62,All In
63,Allen & Wright
64,Allie Elizabeth Sleeping
65,Algiers Point
66,All of Freud's Beautiful Women
67,All the King's Men
68,Alley Negroni
69,Alligator Swing
70,Allspice Sour
71,Alpine Bird
72,Alpino
73,Always Bet On Black
74,Amaretto Sour (Jeffrey Morgenthaler)
75,Aloe'n & Cynical
76,Alpine Jewel
77,Altazor
78,am-am sour (amaretto-amaro)
79,Amargo Agrio
80,The Amargo Vallet Sour
81,Amaro Andrea
82,Amaro Daiquiri (Billy Sunday)
83,Amaro Mood
84,Amaroland
85,Amari-o Bros.
86,Amaro Cocktail
87,Amaro di Cocco
88,Amaro Paisano
89,AmaRONI
90,Amaryllis
91,Amber Hive
92,Amburoni
93,Amer mon Amour
94,American Cocktail
95,Amateur Pornstar Martini
96,Ambidextrous
97,Amelia Earhart
98,Amer Picon 'Pouffle' Fizz
99,American Gumption
100,American Trilogy
101,Americano Perfecto
102,Among Dreams
103,Amoxicillin
104,Anabasis
105,Americano
106,Amertinez
107,Amora Amaro
108,Amsterdam
109,Anastasia
110,Anchor-Faced
111,Anchorita
112,Ancient Mariner
113,Angelica's Tears
114,Angostura Sour
115,Anchor Scar
116,Anchors Aweigh
117,Andalusian Aperitif
118,Angostura Colada
119,Ann Sheridan
120,Anne Bonny
121,Another Country
122,The Antioxidant
123,Aperitivo #5
124,Aperitivo Julep
125,Anne Bonny's Last Call
126,Antigua Black
127,Antoine's Demise
128,Aperitivo #6
129,AperoClive
130,Aperol Flip
131,Aphrodite and Eros
132,Appellation Cooler
133,Apple Corps
134,Apple and Eve
135,Aperol Sour
136,Apparent Sour
137,Appetizer a l'italienne (Revised)
138,Apple Dandy
139,Apple Jack
140,Apple of my Eye
141,Applejack Sour
142,Apricot Fix
143,April in Paris
144,Aquavit Frappé
145,Apple of My Islay
146,Après Ski Gimlet
147,Apricot Sour
148,Aqua Epidemica Vondricii
149,The Arbitrary Nature of Time
150,Arbusto Oaxaca 2
151,Argyle
152,Arizona Ranch Water
153,Arrack Swizzle (Cienfuegos)
154,The Art of Choke
155,Ardennes
156,Arinato
157,Armada
158,Arrackiri
159,Artist's Special Cocktail
160,As I Walked Out One Midsummer Morning
161,Ash Tray Heart
162,Ashes in Our Mouth
163,Ask the Dust
164,Aston Martin
165,As The Seasons Grey
166,Ashby Swizzle
167,The Asian-ness
168,The Asterisk
169,Asylum
170,Atabey
171,Atlanta Ritz
172,Augusta Punch Shot
173,Auld Acquaintance
174,Aura
175,Athol Brose (The Coachman)
176,Atta Girl
177,Aul Man
178,Auld Lang
179,Aurora Bora Borealis
180,The Auteur Cocktail
181,Autumn in Manhattan
182,Autumn Leaves
183,Autumn's Daiquiri
184,Autumn Sangria
185,Autumn Daiquiri
186,Autumn in the Poconos
187,Autumn Negroni
188,Autumn's Dawn
189,Autumn Sour
190,Autumn Spice
191,La Avenida
192,AvernaPom
193,Aviary's Bitter
194,Avion de Papel
195,Autumn Sunset
196,Avenue Scotch
197,The Aves
198,Aviation Cocktail
199,Awakening
200,Azteca
201,Azteca Highball
202,B Cubed
203,Babette's Supper Club
204,"Baby, You're Driving"
205,Baby Zombie
206,B Squared
207,Baboso
208,The Baby's Finally Asleep
209,Back Stop
210,Backseat Bingo
211,Bad Apple
212,Badaiquiri
213,Bahama Mama A Moi
214,Baltic Black Negroni
215,Backwoods Cider
216,Bad Seed
217,Baguio Skin
218,Bait and Switch
219,Baltimore Eggnog
220,The Bamboozled Angel
221,Banana Boulevardier
222,Banana Farmer
223,Banana Manifesto
224,Bananas & Blow
225,Banana Alexander
226,Banana Bread Flip
227,Banana Hammock
228,Banana Stand (Rob Roy)
229,Bananas Foster Flip
230,Banca Boat
231,Bang Bang Gang
232,Bar Eats You
233,The Barbancourt Sazerac
234,Barbotage
235,The Bang Bang
236,Bankers Are Wankers
237,Bar Fly
238,Barbary Flip
239,Barcelonnette
240,A Barhopper's Sour
241,Bark & Bite
242,Barlone Try
243,The Barrelman
244,Basil Gimlet
245,Barista Old Fashioned
246,Bark at the Moon
247,Barnes Stormer
248,Basic Bitch
249,Basil Gin and Tonic
250,Basilinia
251,Batavia Arrack Flip
252,The Battalion Three
253,Baverniess
254,"Be Wise, Be Brave, Be Tricky"
255,Bask
256,Le Bateleur
257,Battering Ram
258,BBC
259,Beach & Panorama
260,Beach & Panorama #3
261,Beach Fossils
262,Beachnik
263,The Beast
264,Beatnik
265,Beach Bitterness
266,Beachbum
267,The Beachy Irishman
268,Beati Fumo di Nonino
269,Beautiful Red Bell
270,Bebbo
271,Bee Upon The Blossom
272,Beekeeper's Folly
273,A Beer And A Smoke
274,Beijinho
275,Bech & Gall
276,Beekeeper's Apprentice
277,Beemer
278,Beetox Margarita
279,Bel-ami
280,Bela Lugosi
281,The Bellman
282,Belmont
283,Ben Wade
284,Beneventano
285,Belden Anti-hero
286,Bells and Whistles
287,The Ben Franklin
288,Benediction
289,Benjamin Cooper
290,Bennett Park
291,Benton's Old Fashioned
292,Berkshire Daiquiri
293,Bermuda Highway
294,Bernheim Buck
295,Benny Blanco
296,Beren & Luthien
297,Berlin in the 70s
298,Bernard Black
299,Berry Dangerous Fix
300,Berry Wall
301,Best In Show
302,Best Pal
303,Better Sunday Afternoon
304,Betty White
305,Best Friend
306,Best Intentions
307,Betsy
308,Bettinger Mulls
309,Between borders
310,Between the Leaves
311,"Bewitched, Bothered, & Bewildered"
312,Bichon Frisé
313,La Bicyclette
314,Big Spender
315,(Beware the) Pink Slip
316,Bianchi
317,Bicycle Thief
318,Big Easy Sour
319,Bijou (Dry Vermouth)
320,Bijou Bohème
321,Bikini Atoll
322,Bird in Flight
323,Birds & Bees
324,Bison Drop
325,Bijou des Alpes
326,Bim's Cup
327,Bird's Eye View
328,Bishdogg#1
329,Bison Rut
330,Bitbia
331,"Bitter, Bitter, Bitter, Bitter"
332,Bitter Apricot
333,Bitter Cucumber
334,Bitter Giuseppe
335,Bitches Brew
336,Bitter Apple
337,Bitter Chocolatier
338,Bitter Elder
339,Bitter Grapefruit Fizz
340,Bitter Highlander
341,Bitter Jean
342,Bitter Old Mule
343,Bitter Raisin
344,Bitter Squeeze
345,Bitter Intentions
346,Bitter Mai Tai
347,Bitter Optimist
348,Bitter Rival
349,Bitter Swagger
350,Bitter Tears
351,Bitter Tom
352,Bittersweet
353,Bittersweet Reunion
354,Bizzy Izzy High Ball
355,Bitter Temptation
356,Bitter Winter
357,The Bittersweet Garden
358,Bittersweet Serenade
359,The BK
360,Black Adonis
361,Black Cat
362,Black Clover Club
363,Black Hook
364,Black Manhattan
365,Black Bowtie Gimlet
366,Black Cherry
367,Black Cow
368,Black Lodge
369,Black Manhattan (Cardamaro variation)
370,Black Pagoda
371,Black Rainbow
372,Black Rose (Burritt Room)
373,Black Scott
374,The Black Spot
375,Black Pearl (Niku Version)
376,Black River Punch
377,Black Sails in the Sunset
378,Black Scottish Cyclops
379,Black Stag
380,Black Star
381,Black Walnut Boulevardier
382,The Black Watch
383,Blackberry Buck
384,Blackberry on Rye
385,Black Tea Crusta In The Rye
386,Black Walnut Old Fashioned
387,Blackbeard's Nephew
388,Blackberry Daiquiri
389,Blackout in NYC
390,Blackstar
391,Blaq Daq
392,Blizzard in Jalisco
393,Blood & Famine
394,Blood in Your Whiskers
395,Blackthorn Bramble
396,Blind Date at Chelsea
397,Blond Adonis
398,Blood Eagle
399,Blood Orange
400,Blood and Sand (Death & Co)
401,Bloodstream
402,Bloody Sidecar
403,Blown Rose
404,Blue Collar Cocktail
405,The Bloodborne of Beverages
406,Bloody Mary
407,Bloody Yeoman
408,Blue Cobbler
409,The Blue Hour
410,Blue Monday
411,Blue Steel
412,Blueberry Patch
413,Blues from a Gun
414,The Blur
415,Blue Sky Summer
416,Bluebeard
417,Blueberry Sour
418,Blunderbuss
419,Blushing Geisha
420,Boardwalk Flyer
421,Boat Shoes
422,Body Shop
423,Bohemian Cooler
424,Bologna Sour
425,Boat House Punch
426,Bodhicitta
427,Bogged Down Mule
428,Bokor
429,Bombardier
430,Bombay Afternoon
431,Le Bon Mot
432,Bonbon Amer
433,Bonnie & Clyde
434,Boo Loo Jiang
435,Bombay Sour
436,Bona Drag
437,Bonds of Earth
438,Boo Loo
439,The Book Deal
440,Boomerang
441,Booster Gold
442,Bored to Death
443,Bormio Sour
444,Boston Iced Tea Party
445,Boomin' Granny
446,Boot & Rally
447,Borjomi Buck
448,Boston Bog
449,Boston Lady
450,Boukman Daiquiri
451,Boulevard des Rêves
452,Boulevardier (Cure version)
453,A Bouquet of Parentheses
454,Bourbon Ruby
455,Boulevard of Broken Dreams
456,Boulevardier
457,Boulevardier 12
458,Bourbon Renewal
459,Bourbon Spark
460,Bowie Intro
461,Brandy Alejandro
462,Brandy Milk Punch
463,The Brave
464,Brave Margot
465,Brain Damage
466,Brandy Lift
467,The Brantley
468,Brave Bootlegger
469,Brawny Man
470,Brazilian Prescription
471,Breakfast Bourbon
472,"Bring Me, A Shrubbery"
473,Broken Flower
474,Brooklyn Cocktail
475,Bread & Circuses
476,Bright 'n' Early
477,Broken English
478,Bronx Bomber
479,Brooklyn Heights
480,Brooklynite
481,brown is the new black
482,Brunch
483,Buah Arak
484,Bufala Spritz
485,Brown Cat
486,Brujería
487,Brunelle
488,Buck & Rider
489,Buffalo Tail
490,Bull Ramos Fizz
491,Bunbury
492,The Burl Johnson
493,Burning Times
494,Bushwick
495,A Bullet for Fredo
496,Buono Whistler
497,Burning Ice
498,Burnished Brass
499,The Business
500,But We Don't Want The Irish
501,"Butter, Lemon, Smoke"
502,Bye Bye Birdie
503,C'est La Vie
504,Cable Car
505,Cactus Flower
506,Caesarea Cocktail
507,Cabb
508,Cactus & Thistle
509,Caesar
510,Cafe Colada
511,Caipirinha
512,Calabura Flip
513,Calico Jack (The Independent)
514,Call of the Wild
515,Café Negroni
516,Caipirinha Pasión
517,Calico Jack
518,California English
519,Cambridge Tea
520,Cameron's Kick
521,Camomila
522,Campari Flamingo
523,Campari Swizzle
524,Campfire Sling
525,El Camino (Trina Sturm)
526,Campaign Trail
527,Campari in Paradise
528,Campbeltown
529,Campfire Sour
530,Can't Get There From Here
531,Canebrake
532,Canon Cocktail
533,Cantinflas Mustache
534,El Capitan
535,Cancún Sazerac
536,Cannibal Cooler
537,Cansiglio Bianco Negroni
538,Canton Daisy
539,Capitán
540,Capone's Island
541,Captain Anne Bonnie
542,Caramel By The Sea
543,Cardboard Plane
544,Caribbean Coffee Crush
545,capovolto
546,Captain's Blood
547,Caraway Daiquiri
548,Cargo Cult
549,Caribbean Gulf
550,Caribbean Punch
551,Caribé Sour
552,Carolina Julep
553,Carpano Sour
554,Casino Green
555,Caribbean Royale
556,Carlota's Collapse
557,Carolynn Reminder
558,Carthusian Summer
559,Cask of Amontillado
560,Cassingle Revival #2
561,Castle of Córdoba
562,Caught in a Cabaret
563,Caustic Negroni
564,CCR
565,Cassis Party #2
566,Category 1
567,The Cause
568,Caveat Emptor
569,Ce Soir
570,Cedar Fever
571,Cells Interlinked
572,Central Ave. Chorrizo
573,Chachita
574,Chai Tea-Ni
575,Celery Tonic
576,Celtic Solstice
577,Chac Mool
578,The Chadwick
579,Chai-Town Brown
580,Challenge Excepted
581,Champagne Year
582,Chan Chan
583,Chaos Monkey
584,El Chapulín
585,Champagne Julep
586,Champs Elysées
587,Change of Key
588,Chaplin
589,Charlatan's Swizzle
590,Charles Dickens Lemon Milk Punch
591,Charlie Bowman
592,Chartreuse Daiquiri
593,Chasing Fireflies
594,Chatham Artillery Punch (Single Serve)
595,Charleston Collage (Boston Apothecary)
596,Chartreuse Colada
597,Chartreuse Swizzle
598,Chasing Smoke
599,Chatham Cocktail
600,Chauncey Depew
601,Cheeky Sazerac
602,Chemlabier
603,Cherry Christmas
604,Cherry Darling
605,Chee Hoo Fizz
606,Chef's Kiss
607,Cherry Almond Gallette
608,Cherry Cobbler
609,Cherry Herring No. 2
610,Cherry Kola
611,Chet Baker
612,China Clipper
613,Chingon
614,Choke Let Malt
615,Cherry Russell
616,Chicago Zephyr
617,Chinato e smoky
618,Chocoloni
619,Choke Me Like You Love Me
620,Choke Me Softly
621,Chokehold
622,Christmas Bonus
623,Christmas Cheer
624,Christmas Evening
625,Choke and Smoke
626,The Chorus Boy
627,Christmas Caipirinhas
628,Christmas Eve
629,Christmas in a Glass
630,Christmas in Hell
631,Chupacabra
632,Churchgoer
633,Cin-Cyn
634,Cinnamon Girl
635,The Chunnel
636,Church Bay Cooler
637,Chutes and Ladders
638,CINCO DE MAYO
639,Circular Firing Squad
640,Circular Spritz
641,City Bird
642,Ciudad Oscura
643,Clair de Lune
644,The Claymore
645,Citrus Fever
646,Ciudad Cocktail
647,The Civil Litigation
648,Claret Lemonade
649,Clear Intentions
650,Clearlake
651,Clemen-thyme Sour
652,CliveAmarg
653,Clover Club
654,The Club Cocktail (from the University Club of St. Louis)
655,Clearly Aloe'n
656,Clive's SWOjamas
657,Clock Water and Smoke
658,Clown Car
659,Club Garden
660,The Coal Miner
661,Cocchi Cola
662,Cocktail de la Louisiane (Sam Ross)
663,Cocoa Puff Smash
664,Coconut Swizzle
665,Coasta de Morte
666,Cocktail à la Louisiane
667,Coco Fernet
668,Coconut Revolution
669,Coda di Leone
670,Coffee & Cigarettes
671,Coffee's For Closers
672,Coffee Warmer
673,Cointreau Teese
674,La Cola Nostra
675,Coffee Cobbler
676,Coffee and Tonic
677,Cointreau Palomita
678,Coked-Up Monk
679,Colchique
680,Cold Cold Night
681,Cold Was The Ground
682,The Colevardier
683,College and Grace
684,Collo Rosso
685,Cold Stare
686,Colette
687,Colleen Bawn
688,Collette's Panacea
689,Colonel Carpano
690,Colonel Grey
691,Color in Your Cheeks
692,Columbia Cocktail (Trader Vic's)
693,Common Cold
694,Company Buck
695,Colonial Affair
696,Colossal Youth
697,Comings and Goings
698,Companion
699,Coney Island Express
700,A Confederacy of Dunces
701,Confused Limey
702,Conjurers & Concubines
703,Conquistador
704,Constantinople
705,Confederation Bridge
706,Conifer Cocktail
707,Connery
708,Conquistador (Jennifer Contraveos)
709,Constructive Summer
710,Contention City
711,The CooCoo Nut
712,Cooper
713,Copper Pagoda
714,Cora Middleton
715,Continuum
716,Cool Leatherette
717,The Copper Kid
718,Coquito (Simple)
719,"Cordial Magnitude, officially."
720,Corn 'n Oil Sour
721,Corn and Oilier
722,Cornucopia (Claphamcocktails)
723,Coronation
724,Corpse Rejuvenation
725,Corn Flower
726,Cornet
727,Corny Panky
728,Corpse Carré
729,Corpse Reminder #1
730,Corpse ReVeeVer
731,Corpse Reviver #2
732,Corpse Reviver #5
733,The Corsican
734,The Count De Grace
735,Corpse Reviver #1
736,Corpse Reviver #4
737,Corpse Reviver variation #8
738,Cosmopolitan Milk Punch
739,Countrypolitan
740,Court and Degraw
741,Cowgirl's Downfall
742,Craft Squirrel Sex Manhattan
743,Cranberry Brandy Sour
744,Crangroni
745,COVO
746,Crack the Skye
747,The Crafty and Elusive Elk
748,Cranberry shrub cocktail
749,Crazy Cherry
750,The Creature That Drank Sheboygan
751,Creme de No Swizzle
752,Creole Cocktail
753,Creolita
754,Crimson Lake
755,Creep
756,Crenshaw
757,Creole Lady
758,Crimson King
759,The Crippler
760,Crop Top
761,Crown Jewel Negroni
762,Crystal Fall
763,Cuba Libre (Preparado)
764,Cubed Old Fashioned
765,Cross Town Traffic
766,The Crusher
767,Crystal Mocha
768,Cuban Anole
769,Cuckoo Bee
770,"Cucumber, Salt & Smoke"
771,Cucumber Collins
772,Cucumber Lime Swizzle
773,Cukes of July
774,Curari Cocktail
775,Cucumber Calypso
776,Cucumber Lavender Sour Punch
777,Cuevas
778,The Culebra Cocktail
779,Cure for Eric
780,Cure for Pain
781,Cusp of Summer
782,Cyanara
783,Cynar Sour
784,Czech Your Head
785,Curried Away
786,Cutlass
787,Cynar Flip
788,Czech Bohemian
789,D'Artagnan
790,D is For Dangerous
791,Daiquiri
792,Daiquiri (Sweeter)
793,Daiquiri No. 4
794,Daiquiri with Benefits (DWB)
795,Daily Mail
796,Daiquiri (Simo)
797,Daiquiri-73
798,Daiquiri No. 6
799,Daisy Buchanan
800,Daisy If You Do
801,Dakkar Grotto
802,"Dammit, Jen!"
803,Dana Special
804,Dance into the Fire
805,Daisy Mae
806,Dale Cooper
807,Damp Pavement
808,Danagroni
809,Dancing Shoes
810,The Dandy Brandy Smash
811,Danny Brown
812,Danube
813,Dark 'n' Bubbly
814,Dark Entries
815,Dandy Cocktail
816,Dante's Requiem
817,Dapperman Sour
818,Dark Desires
819,Dark House
820,Dark and Moody
821,Dark Skies Ahead
822,Dark Trilogy
823,Darkness in Brooding
824,Darkside Iced Tea
825,Dark side
826,Dark and Stormy (Brad Thomas Parsons Recipe)
827,Dark Was The Night
828,Darkside
829,Darling Nikki
830,Darwin's Hopes
831,Dauphin
832,Dawn in Jalisco
833,De Rigueur 2
834,Dead Last
835,Date Expectations
836,David Denizen
837,Day Old Bread
838,Dead Glamour
839,Dead Letter Office
840,Dead Man's Alley
841,Dead Men Float
842,Dead Reckoning
843,Deadpan Fix
844,Death by Chocolate
845,Dead Man's Mule
846,Dead Parrot Colada
847,Deadbolt
848,Death & Taxes (Pouring Ribbons)
849,Death or Glory
850,Death in Missolungi
851,Death Is Not The End
852,Debbie Don't
853,Decadent Stout Flip
854,Deep Midwinter
855,Death in the Afterlife
856,Death on the Installment Plan
857,Debole & Tallawah
858,Deep Breath
859,Del Rio
860,The Delicious Cobbler
861,Delicious Sour (Dead Rabbit Version)
862,Délit de Fuite
863,Delmarva Cocktail #2
864,Demerara Dry Float
865,Delicious Sour
866,Delilah Jones
867,The Deliverance
868,Delores del Rio
869,Democrat
870,The Departed
871,Derby Cup
872,La Dernière Danse
873,Deshler Cocktail
874,Dessert l'Italienne
875,Depth Dweller
876,Dernier Mot
877,Desert Flower
878,Desperate search
879,Destiny Street
880,Detroiter
881,Devil Makes Work
882,The Devil's Backbone
883,Devil's Highway
884,Deviled Negroni
885,Devil Inside
886,Devil-May-Carrot
887,The Devil's Gondolier
888,Devil's Staircase
889,Devils Soul
890,Diablo Rojo
891,Diamonds & Pearls
892,Diamonds Are Forever
893,Dick and Jane
894,The Dickensian Villain
895,Diamondback riff (pear)
896,Diamonds & Spades
897,Diamonds on My Windshield
898,Dickens Flip
899,Diddlin' Dora
900,The Difference Engine
901,Ding Dong
902,Dinosaurs Before Dark
903,Dirt in my Drink
904,Disco Ball
905,The Dillinger
906,Ding Ho
907,Diplomate Cocktail
908,Disappearing Ink
909,Disco Banjo
910,The Dissenter
911,The Distraction
912,The Diver's Wife
913,Division Bell
914,Do The Right Thing
915,Dissertation
916,District 2
917,The Divine Lorraine
918,Divorce Papers
919,Doctor Cocktail
920,Doctored Pepper
921,Dog Days
922,Domaine Daiquiri
923,Don Alfredo
924,Don Fulano
925,The Doe's Path
926,Dolce Far Niente
927,Domfront
928,Don Franco Penicilina
929,Don Quixquote
930,Don's Passion
931,Donga Punch
932,Dorflinger Revisited
933,Double-Barreled
934,Double Fill-Up
935,Don't Mind If I Do
936,Doom & Gloom
937,Dos Besitos
938,Double Dutch
939,Double Punch
940,Double Smoked Negroni
941,Down for the Count
942,Down to Earth
943,Downtown Daiquiri
944,Dr. Adam's Fosbury Flip
945,Douglas Fir Rhubarb Negroni
946,Down for the Count (Negroni x Remember the Maine)
947,Downfall
948,Dowsing Rod
949,Dr. Ooops
950,Dr Pepper Drank
951,Dragon Punch
952,Dreadlock Holiday
953,The Drink of Insignificance
954,Drink of Laughter and Forgetting
955,Dragon Lily
956,Dragon's Mouth
957,Dream Catcher
958,Drink Lab #16
959,Drink My Blood
960,The Drink With No Name
961,Dry Daiquiri
962,Dublin in October
963,The Duck Hunter
964,Dunlop Cocktail (12 Bottle Bar)
965,Drunkan Botanist
966,Dry Tortuga
967,Dubois Margarita
968,Dulce de Leche
969,Dusting Erasers
970,Dutch Apple
971,Dutch Elm Disease
972,Dutch Revival
973,The Dutchess
974,Eagle Creek
975,Earl Grey MarTEAni
976,Earl of Lavender
977,Early Bird
978,Early Dismissal
979,Earth Mother
980,Earthbound Cocktail
981,East Harlem
982,East Indian Negroni
983,Eastern Promises
984,Easy Out
985,East Coast Tommy Margarita
986,East India Flip
987,East Side Cocktail
988,Easy On The Eye
989,Easy Speak
990,Easy Split
991,Eau de Lavender
992,Edelweiss
993,Edison's Medicine
994,Eeyore's Requiem
995,Easy Street Fizz
996,The Echo Echo
997,Eden Terrace Fizz
998,Edward Teach
999,Egg Nog
1000,Egg Nog (Alton Brown recipe)
1001,"Eggnog, Morgenthaler"
1002,Elder Monk
1003,Elderflower Royale
1004,Elevato Negroni
1005,Egg Nug
1006,Elder Martini
1007,Elderflower Iced Tea
1008,Elephants Sometimes Forget
1009,Elision
1010,Elk's Own (Paul McGee)
1011,Ellen's Folly
1012,The Elves and their Antics
1013,Emotional Tailspin
1014,End of Days
1015,Ellen's Fancy
1016,Elske Sour #2
1017,Elysium
1018,The Emperor
1019,The End Is Nigh
1020,The End of Summer
1021,English Basillica
1022,English Rain
1023,Enrico Pallazzo
1024,Equinox
1025,Ends of the Earth
1026,English Garden
1027,Enigma Cocktail
1028,Enzoni
1029,Ernest the Aviator
1030,Err from the Faith
1031,Esplanade Mezcal Swizzle
1032,Eucalyptus Martini
1033,European tryad
1034,Eve's Temptation
1035,The Escapology
1036,Esprit du Mezcalier
1037,Eulogy
1038,European Witch
1039,Evening in a Sugar Orchard
1040,Everybody Loves Hugo
1041,Everything But Rap & Country
1042,Evolved Margarita
1043,Expat
1044,Expedition
1045,Everyman Afterall
1046,Evidence
1047,Existential Threat
1048,Expatriate's Punch
1049,Explorer's Dream
1050,The Exporter
1051,Exposicion
1052,The Extra Mile
1053,Eyes on the Table
1054,The Eyrie
1055,Faceless Man
1056,Fading Beauty
1057,The Failed Contract of Ladd & Co.
1058,Falinum
1059,The Fall Classic
1060,Fall Down Slow
1061,Fall Gimlet
1062,Fall Into My Glass
1063,Fall on Me
1064,Fancy Mint Julep
1065,Fall From Grace
1066,Fall Into Italy
1067,The Fall of Man
1068,Falling Leaves
1069,Far East Algonquin
1070,The Father
1071,Faux Stone Fence
1072,Fear Itself
1073,Felonius Monk
1074,Fennel Delight
1075,Fault Line
1076,Fay Wray
1077,Fear and Loathing in Princeton
1078,Feneon
1079,Fenton's Phantom
1080,Fenway Sling
1081,Fernet & Jerry
1082,Fernet Alexander
1083,Fernet Flip-out
1084,Fig and Thistle
1085,Fernata Daiquiri
1086,Fernet 'Milkshake'
1087,Fernet Cocktail
1088,Fig Bee's Knees
1089,The Final Demand
1090,Final Rhuse
1091,Final Straw
1092,Final Ward Eight
1093,Fino Daiquiri
1094,Fir Gin Fix
1095,The Final Say
1096,Final Ward
1097,Fine Feller
1098,Fir Geddaboudit
1099,Fire Hat
1100,Fire of Love
1101,Fireworks
1102,First Rodeo
1103,Fish House Punch (Death & Co)
1104,A Fistful of Pears
1105,Fireman's Sour
1106,Firred Word
1107,Fish House Punch (1732)
1108,Fist Bump
1109,Fistuk's house
1110,the Fitty Cocktail
1111,Five & Dime
1112,Five Point Palm Exploding Heart Technique
1113,Five Points Sour
1114,Fixer Upper
1115,Fitzroy
1116,Five Families
1117,Five Points
1118,The Fixer
1119,Fizz de Provence
1120,Fjord Pickup
1121,Flamenco
1122,Flannel Moon
1123,Fleming Fizz
1124,Fleur Carré
1125,The Flame Haired Lady
1126,Flâneur
1127,The Fleet Street
1128,Fletcher Christian
1129,Fleur-de-Lis
1130,Fleur du Mal
1131,Flor de Jalisco
1132,Flor de Muertos
1133,Floral Explosion
1134,El Floridita Daquiri var. 2
1135,Flor de Cafe
1136,Flor de Jerez
1137,Flor de PBJerez
1138,The Florence Sling
1139,Floridita Special
1140,Florodora (Dead Rabbit Version)
1141,Flower Power Martini
1142,Flowering Fields
1143,Flue-cured
1144,Fly-By-Knight
1145,Flower Girl
1146,Flower Tart
1147,Flu Cure Toddy
1148,Fluffy Ruffles
1149,Fly Swatter
1150,Flying Dutchman (Jardinière)
1151,Fog in the Orchard
1152,Fogerty
1153,Foggy Notion
1154,Fontainebleau
1155,Flying Dutchman (PDT)
1156,The Fogcutter
1157,Fogg Cutter
1158,Fond de Culotte
1159,Fontoura
1160,Food for Thought
1161,Fool's Gold
1162,For whom the sun rises
1163,Forbidden Sun
1164,Forest Murmurs
1165,The Fool Moon
1166,For Remembrance
1167,Forbidden Sour
1168,A Forest
1169,Forgetful Elephant
1170,Fork & Knife Flip
1171,Fort Point
1172,Forty Virtues
1173,The Fountain
1174,Fourteen
1175,Fort Greene
1176,Fortune Teller (Jessica Gonzalez)
1177,Fosbury Flip
1178,The Four Humours
1179,Fourth Regiment
1180,Fox Hunt
1181,Framboise Will Be Boise
1182,Franco
1183,Frank of America
1184,French 75
1185,Fragola Rock
1186,Francesco
1187,Franco-American 60
1188,Franklin Bearse
1189,French 75 (Elderflower) aka French 77
1190,French-American Treaty
1191,French Gimlet
1192,French Laundry
1193,French Minty
1194,French Polynesian
1195,French Connection (Tommy Klus)
1196,The French Intervention
1197,French Maid
1198,French Pearl
1199,French Toast Flip
1200,Fresa Brava
1201,La Fresa Cocktail
1202,Freudian Flip
1203,Frisco Rose
1204,Frontera Toddy
1205,Fresa Cervesa
1206,Fresca
1207,Frézier
1208,From Dusk Till Dark
1209,Frozen Piña Colada
1210,Fruit salad
1211,Frunchroom
1212,Full Windsor
1213,Fumo di Cannella
1214,Funky Kong
1215,Fruity Biatch
1216,Full Circle
1217,Full Windsor Cocktail
1218,Funky Cold Medina
1219,Funny Duck
1220,Future Days
1221,The FVD
1222,Gabriella
1223,Galah (Okar)
1224,The Galleon
1225,Garden Variety
1226,Gadsden Purchase
1227,Galileo
1228,Garden Fizz
1229,Garibaldi
1230,Garibaldi Spritz
1231,Gaspar Grande
1232,Gato Negro Instantáneo
1233,General's Orders
1234,Genever Convention
1235,Gascon Smash
1236,Gasper Cocktail
1237,Genepy Passion
1238,Genever? I Hardly Know 'Er!
1239,Gens du Monde
1240,Gentian Dream
1241,Georgetown Tuxedo
1242,Georgita
1243,Get Lucky
1244,Getaway Car
1245,Gentleman Caller
1246,Georgia-Kentucky Squirrel
1247,Gershwin
1248,The Getaway
1249,Ghost Town
1250,Gilded Paloma
1251,Gilroy Cocktail (Rum variation)
1252,Gin & Tonic
1253,Gin Daisy
1254,Gin Gin Carré!
1255,Gilroy (Kirschwasser variation)
1256,Gin & Gruit
1257,Gin Basil Smash
1258,Gin Garden
1259,Gin-Gin Mule
1260,Gin Hopper
1261,Gin on Gin Julep
1262,Ginger Envelope
1263,Ginger Grant
1264,Ginger Rhubarb Sour
1265,Gin Hound
1266,Gin Sour
1267,Ginger gimlet
1268,Ginger Rabbit
1269,Ginger Sidecar
1270,Ginger Swizzle (The Dutch)
1271,Gingerbread Man
1272,Girl From Cadiz
1273,Girolamo Sour
1274,"Give 'em Hell, Roscoe"
1275,Gingerbread
1276,Giovanni Collins
1277,Girly-O
1278,Giuseppe's Ferrari
1279,Gladstone
1280,Glamour Profession
1281,A-go Flip
1282,The Goblins Turn to Stone
1283,Gods of Old
1284,Gold Cup (Clio version)
1285,Gnashing Mule
1286,Gobbler's Knob
1287,Godfather
1288,Going wild with caution
1289,Gold Rush
1290,Golden Beautiful
1291,Golden Dahlia
1292,Golden Dream (Sam Ross)
1293,Golden Gate Swizzle
1294,Golden Gun
1295,"Golden Cadillac (Coconut, GCNYC)"
1296,Golden Delicious
1297,Golden Finch
1298,Golden Grove
1299,Golden Handcuffs
1300,Golden Parachute
1301,Golden Triangle
1302,Goldfinch
1303,Gone Camping
1304,The Good Fella
1305,The Golden Pearl
1306,Golden Window
1307,Gomá
1308,Good Day Sunshine
1309,The Good Life
1310,The Good Life (2)
1311,Good Ships/Wood Ships
1312,Goodnight Reunion
1313,Grace Under Fire
1314,Gramercy
1315,Good Samaritan
1316,GoodFella
1317,GP Clive
1318,Gracie Cocktail
1319,The Grand Bazaar
1320,Grand Ole Apry
1321,The Grand Wazoo
1322,Grapefruit-Ginger Bourbon Sour
1323,Grapefruit And Smoke
1324,Grappa stretching frontiers
1325,Grand Rum Toddy
1326,Grandma's Trailer
1327,Grapefruit Mule
1328,Grapes of Wrath
1329,Grass Widow
1330,The Grasshopper
1331,The Great Game
1332,Great Silence
1333,Green Beast
1334,Green Like a Fox
1335,The Grasshopper Lies Heavy
1336,Great Pumpkin
1337,Greco Italian Piccadilly
1338,Green Jacket
1339,The Green Mile
1340,Green Mountain
1341,The Green Veil
1342,Greenpoint
1343,Grenados Sour
1344,Griotte Fizz
1345,Green Mountain Martini
1346,Greenhouse Gimlet
1347,Greetings from Valhalla
1348,Griffith Park Swizzle
1349,Gris-Gris Sour
1350,Grounds For Divorce
1351,Growing Envy #2
1352,Grumpy Brit #2
1353,La guêpe verte
1354,Gun For Hire
1355,Grow A Pear
1356,Growing Old Cocktail
1357,Guardian Angel
1358,Gun Club Shrub
1359,Guns N Rosemary
1360,Gunshop Fizz
1361,Gusano Rojo
1362,Gustin Gang
1363,Guyana Flip
1364,Guyanese Missile Crisis
1365,Gypsy Eyes
1366,Habibi
1367,A Habsberg In Jalisco
1368,Hagar and Helga
1369,Hair of the Lion
1370,Haiti Cocktail (Elvezio Grassi)
1371,Haïtiki Grenadia
1372,Half Mast
1373,Half Windsor
1374,Handcuffed Lightning
1375,Haitian Witch
1376,Halcyon
1377,The Half Windsor
1378,Halls of Power
1379,Handsome Bob
1380,Hank Scorpio
1381,Harajuku
1382,The Hardest Walk
1383,Harlem Night
1384,Haru High Booru
1385,Happy 'Rack
1386,The Hard Sell
1387,Hares On The Mountain
1388,Harpo's Special
1389,Harvard Dropout
1390,Harvest Time
1391,Haut-Medoc
1392,Havana Harbor Special
1393,Hawaii XO
1394,Hawaiian Sunset
1395,Haumea
1396,Havana 3 a.m.
1397,Hawaii Kai Treasure
1398,Hawaiian Coffee Colada
1399,Hay There
1400,Haymarket
1401,He's Crafty
1402,The Hearing Trumpet
1403,Heart Full of Napalm
1404,The Heart That You Own
1405,Haystack
1406,Head of Steam
1407,Heart of Darkness
1408,Heart-shaped Box
1409,Hearts of Oak
1410,Hedy Lamarr
1411,Helen of Troy Does Countertop Dancing
1412,The Hell Out of d'Auge
1413,Hello My Name Is Distance
1414,Hemingway in Latvia
1415,Hel Fresco
1416,Hell Haggerty
1417,Hello Brooklyn 2.0
1418,Hemingway Daiquiri
1419,Henry 'Box' Brown
1420,Henry Porter
1421,Hephaestus' Three Hour Tour
1422,Herbal Sour
1423,Heroica Veracruz
1424,High Brow Board Walk
1425,Henry's Dream
1426,Herbaceous Apple Sour
1427,Here Was A Man
1428,Hey Heywood!
1429,High Chicago
1430,High and Dry
1431,High Street Cocktail
1432,Hikihoho
1433,(the) Hinges
1434,Hoarse and Boggy
1435,High Society Cocktail
1436,Hijo de Cuba
1437,Himalaya
1438,His Was A Heart Of Darkness
1439,Hold the Phone
1440,Hold Up
1441,Holiday Bitterness
1442,Holiday in the Mediterranean
1443,Holidays Away
1444,Holland Summer
1445,Hole in the Cup
1446,Holiday In Osaka
1447,Holiday Road
1448,Holla!
1449,Holloway
1450,The Holy Grail
1451,Holy Striker
1452,Honey & Thistle
1453,Honey Barrel
1454,Honeysuckle
1455,Holy Smokes
1456,Holy Water
1457,Honey Badger
1458,Honeymusk
1459,Hong Kong Cocktail
1460,The HONK! Hornblower
1461,Hope You Find Your Dad!
1462,Hopped Scotch
1463,Horror Hotel
1464,Hot Buttered Amaro
1465,Hope is a Waking Dream
1466,Hopped Gimlet
1467,Hoppy Father-in-Law
1468,The Hoskins Cocktail
1469,Hot Buttered Rum - Triobar
1470,Hot Priest
1471,Hot Toddy (Jeffrey Morgenthaler)
1472,Hotel Nacional Special (Shelter)
1473,Hotty Toddy
1474,Howick Hall
1475,Hot Toddy
1476,Hotel Haute-Savoie
1477,The Hotel Room Temperature
1478,House Call
1479,Hugo Montenegro
1480,Hulk Smash!
1481,Hummingbird Down
1482,Hunky Dory
1483,Hunter's Verdict
1484,Hurray Cocktail
1485,Human Sacrifice
1486,Humuhumunukunukuapua'a
1487,Hunter-Gatherer
1488,Huntsman
1489,Hurricane Franklin
1490,I Insist
1491,Iceland Meets Italy
1492,An Icy Wasatch Rohde
1493,If You Want My Toddy
1494,Importer
1495,Ice-berg
1496,Icelandish
1497,Idle Hands
1498,Illegal
1499,Improved 1794
1500,Improved Bamboo
1501,Improved Japanese Cocktail
1502,Improved Morning Sour
1503,Improved Tequila Cocktail
1504,In a Pickle
1505,Improved Chartreuse Swizzle
1506,Improved Kingston Negroni
1507,Improved Scotch Cocktail
1508,...In a Pear Tree
1509,In Blume
1510,In Bruges
1511,In Fashion
1512,In the Bond
1513,In Vida Veritas
1514,Indian Summer
1515,In-depth work
1516,In-Flight-Cookie
1517,In the Stacks
1518,Incanto
1519,Indian Summer Blues
1520,Indian Summer Cooler
1521,Industry Flip (Fred Yarm)
1522,Infidel
1523,Inkwell
1524,Inside Job
1525,Indochine
1526,Industry Sour
1527,Infinity Is A Shark
1528,The Inocencio
1529,Interborough
1530,Intercept
1531,The International Orange
1532,Into the Woods
1533,Invierno
1534,Irish Albidum
1535,The international
1536,Interrobang‽
1537,Intro to Aperol
1538,Invisible Girl
1539,Irish Coffee (The Dead Rabbit)
1540,Irish Grasshopper
1541,The Irons
1542,Islavardier
1543,Islay Cynar Flip
1544,Isle of Islay Swizzle
1545,Iron Ranger
1546,Isaiah Rynders
1547,Islay be seeing you
1548,Islay Dawn
1549,Isle of Skye Swizzle
1550,It Only Hurts the First Time
1551,"It's a Rad, Rad, Rad, Rad World"
1552,It Wants What It Wants
1553,The Italian American Cocktail
1554,Italian in NYC
1555,It's a Dry Heat
1556,"It's Green, So it Must be Good For You"
1557,Italian 75
1558,The Italian Conquistador
1559,Italian Job (Mabel)
1560,Italian mime
1561,Italian Playboy
1562,Italian Stallion
1563,iuka's grogg
1564,Italian Pirate
1565,An Italian Sailor in Brooklyn
1566,Its Getting Dark Early
1567,Iz Bananaz
1568,Jack's Cup
1569,Jack's Word
1570,Jack White's Girlfriend
1571,Jacko's End
1572,Jacqueline
1573,Jade Tree Sour
1574,Jakarta Mai Tai
1575,Jacked Up Rose
1576,Jackson Ward
1577,Jade Monkey
1578,Jägerita
1579,Jalisco Pear
1580,Jalisco Stroll
1581,Jamaican Pearl
1582,Japanese reviver
1583,Jasmine Teatotaler
1584,Jekyll and Hyde
1585,Jamaica Milk Punch
1586,James Joyce
1587,Le jardin de mémé
1588,Javanese Daiquiri
1589,Jelena
1590,Jerezana
1591,Jet Pack
1592,Jet Set
1593,La Jetée
1594,Jimmie Roosevelt
1595,Jerk Store
1596,Jet Pilot
1597,Jet Set II
1598,Jeu d'Esprit
1599,Jinjer King
1600,João Gilberto
1601,Johan Goes to Mexico
1602,The Joke
1603,Juan Bautista
1604,Juan Madera
1605,Job Well Done
1606,John the Baptist
1607,Jolly Jane
1608,Juan Ho Royale
1609,Jubilant
1610,Juice of a Few Flowers
1611,Julep 43
1612,Jules & Jim
1613,The Julie Ruin
1614,Juliet & Romeo
1615,Juke Cup
1616,Julep vs. Sazerac
1617,Jules Verne
1618,Julien Sorel
1619,Jungle Bird
1620,The Jungle Cat
1621,Juniper deep
1622,Juniperotivo
1623,Jupiter's Acorn
1624,K-O.F.
1625,Kachumber Kooler
1626,Kaiteur Swizzle
1627,Kampaïneapple
1628,The Kapua Suite
1629,Kashmiri Caipirinha
1630,Keep Shaking that Bush
1631,Kellyanne
1632,Kentucky Dandy
1633,Kentucky Pilgrim
1634,Keyser Suze
1635,Keeper of the Crossroads
1636,Kentucky Breakfast
1637,"Kentucky Mule (Lumberyard, Laguna Beach, 2014)"
1638,Kentucky Red Head
1639,The Kid with the Replaceable Head
1640,Killer Cocktail
1641,Killing Moon
1642,Kilted Flower
1643,King Kamehameha Club
1644,King's Elixir
1645,The Killing Floor
1646,Killing Word
1647,Kina Miele
1648,King's Breakfast
1649,Kingsbury
1650,Kingston Club
1651,Kino
1652,Kirkwood
1653,Kiss
1654,Knickerbocker
1655,Kingston Negroni
1656,Kir Gaspare
1657,Kirsch Cosmo
1658,Kitchen Sink
1659,Know Knots
1660,Koi Pond Punch
1661,Koko B. Ware
1662,Kořeněné Jablko (Spicy Apple)
1663,"Krakatoa, August 25th, 1883"
1664,Kuksu
1665,Kojo Cocktail
1666,Kombu Holler
1667,Koubai
1668,Kroni Berry Flip
1669,Kula Negroni
1670,Kümmel Trident (Jack Rose)
1671,Kumquat Daiquiri
1672,Kumquat Elderflower Fix
1673,Kurling Cocktail
1674,Kurōbā Club
1675,Kwai Club
1676,L'amer est doux au coeur
1677,L'Amour de L'Or
1678,L'argent de poche
1679,L'Avventura
1680,L&L
1681,Lackadaisy
1682,Ladies Love Brutes
1683,Lady Jake
1684,Lady Midnight
1685,L'x-tradu
1686,Lacrimosa
1687,The Lady Chesdin
1688,Lady Loam
1689,Laetare Fizz
1690,Lafayette
1691,Lake City Quiet Pill
1692,Lambic Sour
1693,Lance is Gorges
1694,Language is a Virus
1695,Lagniappe
1696,Lambic Pentameter
1697,Lancaster County
1698,Landing Gear Fizz
1699,Lani-Honi
1700,Lankershim Fizz
1701,Las Meninas
1702,Last Caress
1703,Last Exit
1704,The Last Mechanical Art
1705,Laphroaig Project
1706,Last Ango
1707,Last Date
1708,The Last King of Scotch
1709,The Last Mule
1710,Last Nights of Paris
1711,Last Poolside of the Summer
1712,Last Resort (PaaDee)
1713,Last Stand
1714,Last Word
1715,The Last Poblano
1716,Last Resort
1717,The Last Stand
1718,Last Vow
1719,The Last Worm
1720,Last Year at Marienbad
1721,Latin Passion
1722,Lavender Bee
1723,Lazo
1724,Learners Permit
1725,Latin Lover
1726,Latvian Black Hole Sun
1727,Lawn Dart
1728,Leap Day 2024
1729,Leather Bucket
1730,Leatherman
1731,Lee-Stumper
1732,Left Hand
1733,Legend
1734,The Legend of the Five Suns
1735,Leche del Diablo
1736,Left Coast
1737,Left Hand of Darkness
1738,The Legend Continues
1739,Leiya Unchained
1740,Lemon Drop
1741,Lera's Missing
1742,Letoslav
1743,Level Up
1744,Liam Neeson
1745,Leopold Meeks
1746,Let's Go Get Stoned
1747,Letters of transit
1748,Lewis & Martin Cocktail
1749,Liberation
1750,Library Card
1751,Lifetime Ban
1752,Lil' Jig
1753,Lillet-St. Germain
1754,Limey Ben
1755,Life on Mars
1756,Ligurian Sea
1757,Lilac
1758,Lima Sour
1759,Lindberg's Baby
1760,Lindsey's Lament
1761,Lion's Mane
1762,Lips Like Sugar
1763,The Listening Room
1764,Little Black Dress
1765,Linie in the Wild
1766,Lion's Share (Drink version)
1767,Liquid Gold
1768,Litigious Rock
1769,Little Carl
1770,Little Easy
1771,Little Italy
1772,Lombardi Trophy
1773,Lone Oak
1774,Lonesome Dove
1775,Little Grey Lady
1776,La Llorona
1777,London Calling (Chris Jepson)
1778,Lone Wolf
1779,Long Faced Dove
1780,The Long Kiss Goodnight
1781,Long Road to Jefferson
1782,The Long Stem Rose
1783,Lonnie DeSoto
1784,Lord Byron
1785,Long List Split
1786,Long Snake Moan
1787,Long Weekend
1788,Loop Tonic
1789,Los Altos Negros
1790,Lost in the Supermarket
1791,Lost Lake
1792,Lost Plane
1793,Lost World
1794,Louis' Mistress
1795,Lost in Translation
1796,Lost Leader
1797,Lost Word
1798,Louanalao
1799,Louisiane and Maine
1800,Louisville Cathouse
1801,Love & Chocolate
1802,Love Burns
1803,Low Rider
1804,Luchador
1805,Lousã Special
1806,Love & Murder
1807,Lover's Kiss
1808,Low tide
1809,Lucien Galtier
1810,Lucien Gaudin Cocktail
1811,Lucino's Delight
1812,Lumière
1813,Lush Life
1814,Lust for Life
1815,Lux Peccato
1816,M5 Raspberry Punch
1817,Ma Cherie
1818,Macondo
1819,Macunaíma
1820,Madiana
1821,Madininha
1822,Magritte Cocktail
1823,Mahogany
1824,Mai Tai (Trader Vic's)
1825,Madiana II
1826,Magpies Cocktail
1827,Magus
1828,Mai-Kai Swizzle
1829,Maiden's Kiss (Improved)
1830,Maiden's Prayer No. 3
1831,Major Brambulations
1832,Malicious Mischief
1833,Malört Face
1834,Mama Coco
1835,Majella Road
1836,Major Joe
1837,Maloney No. 3
1838,Malort in Paradise
1839,The Man Comes Around
1840,The Man Who Was Marked For Death
1841,"Mañana, Mañana"
1842,Mandorla Colada
1843,Manhattan
1844,Manhattan (Employees Only)
1845,The Man With the Golden Rum
1846,Mancini
1847,Mangeur Pourpre
1848,Manhattan (Bénédictine)
1849,Manhattan Invertito
1850,Manly Pink Drink
1851,Maple Morning
1852,Maraska Sour
1853,Marc Coucke
1854,Margarilla
1855,Mano Negra
1856,Mapplethorpe
1857,Maravilla
1858,Marco Polo
1859,Margarita
1860,Marianito
1861,Marin Karin
1862,Marked
1863,Marseille
1864,Le Marseille Fruits Fizz
1865,Marigold
1866,Mark's Margarita
1867,Marquee Cocktail
1868,"Marseille, July 4th, 1895"
1869,Marta of the Spring
1870,Martilla
1871,Martinez
1872,Martini Parisien
1873,"Mary Ann, The"
1874,Mastika Sour
1875,Martinaise
1876,Martini
1877,Martinique Hundred
1878,The Mason-Dixon
1879,Matador
1880,Match Point
1881,Maurice
1882,Maximiliano
1883,May Fair
1884,Mayan Mountain Mystic
1885,Matrimony
1886,Maximalist Green Swizzle
1887,May Daisy
1888,Mayan French Piccadilly
1889,Maybach
1890,Maybe...?
1891,Mayor's Lament
1892,McClassic
1893,McMillian
1894,Me & My Monkey
1895,Mayor Rock
1896,McCarren Park Swizzle
1897,McGlashan
1898,Me & My Calvins
1899,Means of Preservation
1900,Meat Hook
1901,Meditation purpose
1902,Mela d'Alba
1903,Mellow Corn 'N Oil
1904,Melody
1905,Medicinal Sour
1906,Meet Me at the Altar
1907,Meletti Lemon Flip
1908,Mellow Mocha
1909,Melonette Mule
1910,Memorial Day
1911,Mermaid Ave.
1912,Metal Urbain
1913,Metropole
1914,Mexican Firing Squad
1915,Memphis
1916,Mesoamerica
1917,Metamorphosis
1918,Mexican Cloud
1919,The Mexican Hoskins Cocktail
1920,Mexican Radio
1921,Mexican Sunrise
1922,Mezcal Boulevardier
1923,Mezcal Pineapple Ish
1924,Mezcalín
1925,Mexican Razor Blade
1926,Mexican Velvet
1927,Mezcal Margarita
1928,Mezcal Smoked Tea Sour
1929,Mezcallion Wooden Nickel
1930,Mickeys Toddy
1931,Mid-Morning Fizz
1932,Midnight in Manhattan (Woodford)
1933,Midnight Mass
1934,Midnight Reviver
1935,The Mid-City
1936,Midnight Cicada
1937,Midnight Marauder (Rafa García Febles)
1938,Midnight Prayer
1939,Midnight Reviver #2
1940,Midnight Shift
1941,Midnight Stinger
1942,Midnight Sun
1943,Midnight to Midnight
1944,Midori Sour
1945,Midnight Snack (Angostura)
1946,Midnight Stroll
1947,Midnight Sun (Aquavit)
1948,The Midnight Tryst
1949,Mignon
1950,Milanese Manhattan
1951,Milkshake 'n Honey
1952,Millionaire #4
1953,Milwaukie
1954,Mint Julep
1955,Miles to Go Before I Sleep
1956,The Miller Shake
1957,Mills Ave Manhattan
1958,Minerva
1959,Mint Tea Julep
1960,The Minton
1961,Miracles Take Longer
1962,Miss Scarlet
1963,Mistaken Ray
1964,Mo Board
1965,Minty
1966,Miraflores
1967,Missing Notes
1968,Mizz Mazza
1969,Mock Turtleneck
1970,"Mockingbird, Wish Me Luck"
1971,Modern English
1972,Modified Mandalorian
1973,MoJo Hannah
1974,Molly Ringwald
1975,Mode Pour les Jeunes
1976,Modernista
1977,Mojito
1978,Moko Jumbie
1979,El Momento Perfecto
1980,Momisette
1981,Money
1982,Monk's Manhattan
1983,Monk's Sanctum
1984,Monks Thistle
1985,The Monarch
1986,El Monje (The Monk)
1987,Monk's Revenge
1988,Monkey's Older Brother
1989,Montauk (NoMad)
1990,Monte Carlo
1991,The Monte Press
1992,Montreal Cocktail
1993,Mood Adjuster
1994,The Moops
1995,Monte Cassino
1996,Montenegroni
1997,Montreux
1998,Moonage Daydream
1999,Mop Top
2000,Moradera
2001,More Heat Than Light
2002,Morphin' Time
2003,Mortal Sunset
2004,Le Mot de La Fin
2005,More Amaro
2006,Morning Addition
2007,Morricone
2008,Mosquitera
2009,Mother-In-Law
2010,Mother's Ruin Punch
2011,Mount N' Rita
2012,Mount Vernon
2013,Mountain Man (#2)
2014,The Moxie
2015,Mott and Mulberry
2016,Mount Pelée
2017,Mount Vesuvius
2018,"Mountains, Rivers, and Desert"
2019,Mr. Bali Hai
2020,Mr. Hyde
2021,Mr. Swizzle
2022,Mucho Picchu
2023,Muerte o Gloria
2024,Mulberry Street
2025,Mr. Manager
2026,Mr Howell
2027,Muddled Mission
2028,La Mula
2029,Munsell Test
2030,Murcian Me
2031,Muscle and Hate
2032,Mutiny Suppressor
2033,Mutually Weird Forever
2034,My Boy Blue
2035,Murder of Crows
2036,Mustache Ride
2037,Mutt City
2038,Muzetta's Waltz
2039,"My Dear, Rosemary"
2040,My Dear Quarantine
2041,My Fair Lady
2042,My Oh My Ty
2043,Mynah Bird
2044,My Fair Gael
2045,My Idea of Fun
2046,Myer Creek Cocktail
2047,Mystic Wood
2048,Nacho Sour
2049,El Nacional
2050,Nacional (Jeffrey Morgenthaler)
2051,Naked and Famous
2052,Nashville Spring
2053,Nasturtium
2054,The Naughty Sundress
2055,The Naked Ape
2056,Napoleon
2057,Nassau Street Cocktail
2058,Natale Bianco
2059,Naval Gimlet
2060,Naval Treaty
2061,Navy Grog
2062,Navy Strength Old Fashioned
2063,Nectar o(ld) f(ashioned) The Gods
2064,Negrino
2065,Navy Fizz
2066,Navy Rations
2067,The Nearest Faraway Place
2068,negresso
2069,Negromaro
2070,Negroni
2071,Negroni Bianchi
2072,Negroni d'Or
2073,Negroni Fizz
2074,Negroni Sbagliato
2075,Negroni (Aperol Variant)
2076,Negroni Bianco (Peacock Alley)
2077,Negroni dell'Erborista
2078,Negroni in Paradise
2079,Negroni Sgroppato
2080,Negroni Sour
2081,Neptune's Wrath
2082,Nevermore
2083,New Brunswick (1930)
2084,new in fashion
2085,Negronino
2086,Nerina
2087,New Amsterdam Winter Fix
2088,A New Hope
2089,New Jersey Transit
2090,New Pal
2091,New York Stone Sour
2092,"Neyah's White Manhattan, Tweaked"
2093,Nicole Bettinger
2094,Night Ritual
2095,New York Sour
2096,Newton's Law (apple butter variation)
2097,Nice Bitter Toast
2098,Night Moves
2099,The Night Shining
2100,Night Tripper
2101,NJ Sour
2102,No. Three
2103,No Sleep 'Til...
2104,Noce Americana
2105,The Ninth Ward
2106,No. 39
2107,No Bananas Today
2108,The No Title Cocktail
2109,Noche Triste
2110,Noggin Knocker
2111,Nolita
2112,Nordic Milk Punch
2113,Norma Jean
2114,North by Northwest (Death & Co)
2115,The Noisy Cricket
2116,Non Sequitur
2117,Nordic Summer
2118,Norman Conquest
2119,North by Northwest (Evan Zimmerman)
2120,North Sea Oil
2121,North of Sunset
2122,Northern Neighbor
2123,Norwegian Sunset
2124,Not Even the Rain
2125,North Star
2126,Northern Lights (Christian Clark)
2127,Norwegian Plum
2128,Not Coming Home
2129,Not known
2130,Not Strawberry Margarita
2131,The Notorious F.L.I.P.
2132,Notte Bene Sour
2133,Nouveau Sangaree
2134,Novak
2135,Not Waving But Drowning
2136,Notte Bene
2137,Le Nouveau Moureaux
2138,Nouvelle Fleur
2139,November Witch
2140,Nude Descending a Staircase
2141,La Nuestra Paloma
2142,Nui Nui
2143,Nutcracker
2144,Nutty Aztec
2145,Nutty Frenchman
2146,O Negative
2147,Oakland Iced Tea
2148,Oaxaca Forever
2149,Oaxaca Old Fashioned
2150,Oaxacan Bijou
2151,Oaxacan Daisy
2152,Oaxacan Negroni
2153,Oaxacan Smash
2154,Oaxacan Wipeout
2155,Oaxacan Cocktail
2156,Oaxacan Lady
2157,Oaxacan Roja
2158,Oaxacan Tricycle
2159,Oaxacanite
2160,An Oblique Manhattan
2161,Occidental Cocktail
2162,Odette
2163,Off The Vine
2164,"Oh, My Word"
2165,Occam's Razor
2166,Oceanside
2167,Of Light and Shadows
2168,La Oficina
2169,Oh Mai
2170,Ohana Joe
2171,Old Alhambra
2172,Old Bastard
2173,Old Dutchman
2174,Old Fashioned (Late 20th Century)
2175,Ojen Cocktail
2176,The Old Bard
2177,Old Cuban
2178,Old Fashioned
2179,The Old Man and the Sea
2180,Old Man Winter
2181,Old Maple
2182,Old Number One
2183,The Old Pueblo
2184,Old Spanish
2185,Old Man Zeke
2186,Old Mate
2187,Old Painless is Waiting
2188,Old Sao Paolo
2189,Old Tart
2190,Old Timer
2191,Old World Meets New World
2192,The Olivia
2193,On the Run
2194,"One, One, One"
2195,Old Town Vodka Punch
2196,Oliveto
2197,Omaha Sling
2198,Once Upon a Time in Mexico
2199,One Flight Up
2200,One Pommeau Before I Kill
2201,The Only Word
2202,Opaka Raka
2203,Opera Comique
2204,Ophelia
2205,One Weird Trick
2206,The Onset
2207,Opalescence
2208,Operation Fork
2209,The Option Clause
2210,Orange Angelus
2211,Orange Viola
2212,Orangerie
2213,Orchard Slope
2214,Orejas de las Abejas
2215,Orange Julius
2216,Orange and White
2217,Orchard Gimlet
2218,Orchard Street
2219,Original Pisco Sour
2220,Orinoco
2221,The Osborn
2222,Ottovolante
2223,Over the next ridge
2224,Owl's Head
2225,Ornithologist
2226,Otoño Cocktail
2227,Oude Bloodhound
2228,Ovid's First Century Myth
2229,Oxalic
2230,Oxblood
2231,Oxford Comma
2232,P'al Don
2233,Padded Thai
2234,Painted Black
2235,Pākē Wahine
2236,Pacquiao's Punch
2237,Painkiller
2238,Painted Lady
2239,Palo Negro
2240,Paloma (Fully Loaded)
2241,Paloma Sangria
2242,Palpable Apathy
2243,Pamalagro Crusta
2244,La Pamplemousse Poule
2245,Paloma (South Of The Border)
2246,Palomaesque
2247,Pama Caipirinha (Pama Batida)
2248,Pampered Moose
2249,Pan Daisy
2250,Pan-Pan
2251,Pantone
2252,Papa's vermouth cocktail
2253,Papear Plane
2254,Paper Chase
2255,Pancho Villa
2256,Papa Doble
2257,Papa Was a Rodeo
2258,Paper Airplane
2259,Paper Flower
2260,Paper Plane
2261,Parachute
2262,Paraiso
2263,Paris is Burning
2264,Parlez-vous Irish
2265,Paper Trail
2266,Paradise Sour
2267,La Parie
2268,Parisian Blonde
2269,Partial Hallucination
2270,Partigiano
2271,Pasito
2272,Passion Chartreuse
2273,The Pastry War Cocktail
2274,Patio Geist
2275,Pasado de Moda
2276,Paso Fino
2277,Pastinaca
2278,Patent Pending (Teardrop Lounge)
2279,Patois Punch
2280,Patwa Mokulele
2281,Pauraque
2282,Pay Per View
2283,The Peace Cocktail
2284,Peach Me How to Dougie
2285,Paulsgrave
2286,Pay Day
2287,Pea Flower Cocktail
2288,Peach & Bourbon Sour
2289,Peachy Keen
2290,Pear Brandy Sidecar
2291,Pear of Jacks
2292,Pear Sidecar
2293,Pearl Handle Gun
2294,Pearl of Tangier
2295,Pear Collins
2296,Pear Necessity
2297,Pearl Diver
2298,Pearl of Puebla
2299,Pearls Before Swine
2300,Pearly Gates
2301,Peat Rose
2302,Pêcher du Soleil
2303,Peg Leg
2304,Pela Paha
2305,Peat-er & the Wolf
2306,Pêche Mode
2307,Pedro Suckerpunch
2308,Pegu Club (Pink)
2309,Pelé
2310,Pendergast
2311,Penicillina
2312,Peppermint Pattie
2313,El Peppino Fresco
2314,Perfect Dark
2315,Penicillin
2316,Pennywhistle
2317,Peppery Ginger Cider
2318,Peralta
2319,Perfect Storm
2320,Perfect Storm (Happiness Forgets)
2321,La Perla
2322,Persephone
2323,The Perseverance Cocktail
2324,Il Peso
2325,Pergola
2326,La Perla de Oaxaca
2327,Persephone out of Hades
2328,Peruvian Necktie
2329,Pétanque
2330,Petticoat
2331,PhD Pepper
2332,PHI-FLIP
2333,The Phrasemaker
2334,Pick Six #1
2335,Pharaoh's Dance
2336,PhD Pepper Redux
2337,Phony Negroni
2338,Picasso in a Glass
2339,Pickwick Club
2340,Pieces of Eight
2341,Pig Cheeks Clive
2342,Piggly Quigley
2343,Pikotaro
2344,Pilot Program
2345,Piedmont Sour
2346,Pig's Punch
2347,Piglet's Lament
2348,Pillars of Society
2349,Pimm's Coupe
2350,Pimm's Plantation
2351,Pimms No.1 Cup
2352,Piña Colada (Beer)
2353,Pinball Racket
2354,Pineapple Apricot Tropical
2355,Pimm's Word
2356,Pimmsanity
2357,Piña Verde
2358,Pine's Apple
2359,Pineapple Death Squad
2360,Pineapple Express (Caitlin Patterson)
2361,Pink Chihuahua
2362,Pink Elephant
2363,Pink Flag
2364,Pink Floyd Eclipse
2365,Pining for the Fjords
2366,Pink Cougar
2367,Pink Eye
2368,Pink Flamingo
2369,Pink Gin
2370,Pink Lobster
2371,Pink Sprig
2372,Pinky Swear
2373,The Pipe
2374,Piquant Paloma
2375,Pink Sonya
2376,Pinky Ring
2377,Pious Hand Grenade
2378,PIPT
2379,Pirate's Alley
2380,Pirueta
2381,Pisco Patio
2382,Pisco Sour
2383,Pixie Fingers
2384,Planter's Punch (Dale DeGroff)
2385,Pisco Apricot Tropical (Update)
2386,Pisco Punch
2387,Pisse Tafia
2388,Planet Caravan
2389,Planter's Punch (Spiced Rum)
2390,Plátano Imitación
2391,Pleasure and Pain
2392,The Pledge (Saveur)
2393,Plumber
2394,Pocket Rocket
2395,Plaza de Armas
2396,The Pledge
2397,Pliny's Tonic
2398,PNC
2399,Pocket Square
2400,Poet's Dream
2401,Pointsetta Punch
2402,Poire Bomb
2403,Poirot
2404,A Polite Discretion
2405,Poinsettia Punch (JMW's)
2406,Poire Blinker
2407,Poire liquide Hélène
2408,Poison Arrow
2409,Polka Dot Negroni
2410,Pompelmo
2411,Poor Sap
2412,Poppies in October
2413,Porque no los dos?
2414,Port Authority
2415,Pompelmo Sour
2416,Pop Quiz
2417,Poquito Picante
2418,Port au Prince
2419,Port of Call (Tom Macy)
2420,Port of Haifa
2421,Port New York Sour
2422,"Port of Spain (Taste Bar, St. Louis)"
2423,Portuguese Counterpunch
2424,Postcard Home
2425,Port of Havana
2426,Port of Spain
2427,Porto Flip
2428,Post Road Punch
2429,Potomac
2430,Potted Parrot
2431,Powers of Peat
2432,Prairie Trail
2433,Preakness
2434,Le Président
2435,The Powder Alarm
2436,PPX
2437,Praying Mantis
2438,Precision Pilot
2439,President of Vice
2440,Pressgang Swizzle
2441,The Prestidigitator
2442,Pretty Bird
2443,Price of Prudence
2444,Prizefighter
2445,Pressure Drop
2446,The Preston-Baker
2447,Pretty In Pink
2448,Privateer
2449,Prizefighter (Berkshire Room)
2450,Procrastination
2451,Progressive Orangutan
2452,Provocateur
2453,PS3
2454,Puebla Centurion
2455,Il Professore
2456,Prosecutor
2457,Przewalski's Mule
2458,Psycho Killer
2459,Puebla Sour
2460,El Puente
2461,Puka Punch
2462,Punch in the Head
2463,Purgatory
2464,Purple Manhattan
2465,Puerto Rican Racer
2466,Pumpernickel
2467,Punsch-Out!
2468,Puritan Cocktail
2469,Purple Rain
2470,Púrpura
2471,Pusherman
2472,Pushin' Daisy
2473,Putin's Demise
2474,Q.B. Cooler
2475,Quadrophenia
2476,Quarantine Order
2477,Quarantine Valentine
2478,Quarumtine
2479,Que Vera Vera
2480,Queen City
2481,The Queen's Drink
2482,Quetzal
2483,Quick Sand
2484,Quilty
2485,Queen City Buyers Club
2486,Quentin Torontynar
2487,Quetzalcoatl's Cup
2488,Quiet American
2489,Quin Quina Crusta
2490,Quinine Cobbler
2491,R & B
2492,Rachel Wall
2493,Raffles Singapore Sling
2494,Ragtime
2495,Railcar #91
2496,Rabbit Fernet
2497,Racketeer
2498,Ragnarök
2499,The Rail Car
2500,The Rains Down in Africa
2501,Ramona Flowers
2502,Ramos Midori Fizz
2503,Rangoon Fizz
2504,Rapscallion
2505,"Raise High The Roof Beam, Carpenters"
2506,Ramos Gin Fizz
2507,Ramp it Up
2508,Ransom Negroni
2509,Rare Hearts
2510,Raspberry Merkin
2511,Rather Cavalier
2512,Rattle-Snake Cocktail
2513,Reality Bomb
2514,Red Brick Kitchen's Mezcal Cocktail
2515,Raspberry Whiskey Smasheroo
2516,Raton Canyon Cocktail
2517,RCM
2518,Reconstructed Surfer on Acid
2519,Red Carpet Reviver
2520,Red Danube
2521,Red Eyen
2522,Red Hook
2523,Red Letters
2524,The Red Raider
2525,Red Eye Old Fashioned
2526,Red Head
2527,Red Hook Burning
2528,The Red Light
2529,Red Red Rhubarb Shrub Cocktail
2530,Red Right Hook
2531,Red Sky at Night
2532,Red World
2533,Redrum
2534,"Remember the Maine, or McKinley's Delight"
2535,Red Ships of Spain
2536,Red Square
2537,The Redhead
2538,The Reluctant Saint
2539,Rene Barbier
2540,The Renegade
2541,Respect your Elderflowers
2542,Resting Point
2543,Retox Cocktail
2544,The Revenant
2545,ReplyAll Rhubarb
2546,Rest in Pieces of Eight
2547,retiredSEAL
2548,Reunion
2549,Revenge
2550,The Reverb Crash
2551,Reverse Manhattan (Berretto Da Notte)
2552,Rhein Airlift
2553,Rhubarb Bittered Gimlet
2554,Rhubarb and Roses
2555,Reverse Brooklyn (Erik Ellestad)
2556,Rexford
2557,Rhino Boulevard
2558,Rhubarb Jimjam
2559,Rhubarbaration
2560,Rhube Rye
2561,Rhuld-Fashioned
2562,Ribs For Dinner
2563,Richard Sealebach
2564,Right Place Wrong Time
2565,Rhuby Franc
2566,Rhymer Reason
2567,The Richard Branson!
2568,Riddles in the Dark
2569,Right Word
2570,Rigoni Stern
2571,Rio Grande
2572,Rite of Spring
2573,River Rat
2574,The Riviera
2575,Rinse & Repeat
2576,The Risk Pool
2577,Rites of Spring
2578,Riverside Drive
2579,Riviera Sunset
2580,Rivington Punch
2581,Rob Royal
2582,Rock'n Rye
2583,Rocketry
2584,Rodeo Ghost
2585,Rob Roy No. 3
2586,Robert Johnson Swizzle
2587,Rockefeller Rose
2588,Rocksteady
2589,Roma 46
2590,Roma Borgorock
2591,Ron-Yki-On Guess
2592,Root Martini
2593,Rope Burn
2594,A Rose for Hemingway
2595,Romancing the Stone
2596,Rooster-Tail
2597,Rooty Cane
2598,Rosalita
2599,Rosemary's Bambino
2600,Rosenstock
2601,"Rover, Rover"
2602,Royal Smile
2603,Rubicon
2604,Rudolph's Nose
2605,Rosy Papa
2606,Royal Jamaica 10 Downing Street
2607,Rubescent Glow
2608,Rude Boy
2609,Rudy Ray
2610,Rum & Cola (Blacktail)
2611,Rum Ramsey
2612,Rum Scaffa
2613,Rumy and Panky
2614,Runaway Horses
2615,Rum Balans
2616,Rum Row Old Fashioned
2617,A Rum With a Vieux
2618,The Runaway
2619,Running of the Bulls
2620,Running Up That Hill
2621,The Rusted Apiarist
2622,Rusty
2623,Rye Cappuccino
2624,Rye N Gosling
2625,The Ruse
2626,Rusted Julep
2627,Rusty Soul
2628,Rye Dandy Shim II
2629,Rye'n Gosling
2630,Rye and Rhubarb
2631,Rye-Tai
2632,Rye Witch
2633,Sabor de Soledad
2634,Saboteur!
2635,Sacred Monkey Forest
2636,Sad Babe
2637,Sabotage
2638,Sabre
2639,Sacrilege
2640,The Safe Word
2641,Safety Net
2642,Saffron Finch
2643,The SAGE Blossom
2644,Sage Sling
2645,Safety Dance
2646,Saffron and Bitter Orange Martini
2647,Sage Advice
2648,Sage Crew
2649,Saidoka
2650,Sailor's Sunset
2651,Salers Delight
2652,Salvadoran Flor
2653,SAMCRO
2654,Samhain
2655,Le Saint Esprit (The Holy Spirit)
2656,Salty Duncan
2657,Salzburg Cocktail
2658,Same Same But Different
2659,Samoan Fog Cutter
2660,San Cristóbal Cocktail
2661,San Francisco Treat
2662,San Juan Dabinett
2663,Sandstorm
2664,Santana Abraxas
2665,San Francisco
2666,San Gennaro Amaro Manhattan
2667,San Pedro
2668,Sans-Souci
2669,Saramago
2670,Saratoga Cocktail (Rye-Cognac Manhattan)
2671,Sassburger
2672,Satan's Whiskers (Satan's Whiskers)
2673,Satsuma Margarita
2674,Savage Beauty
2675,Saru Gland
2676,SATAMA PUNCH
2677,Satantango
2678,Saturn
2679,Savage Swizzle
2680,La Savane
2681,Savoir Faire
2682,Savoy Tango
2683,Saw Tooth (Featherweight)
2684,Sazerac
2685,Saveur Kiss
2686,Savoy Daisy
2687,Savoy Truffle
2688,Say Goodnight Gracie
2689,Sazerac 1962
2690,Scarlet Knight
2691,Schuss
2692,Scofflaw 2
2693,Scotch Lodge
2694,Scottish Basement
2695,Schrage Muzik
2696,Scofflaw
2697,Scofflaw Cocktail (Harry MacElhone)
2698,A Scotsman In Paradise
2699,Scottish Breakfast
2700,Scottish Hill
2701,The SCT Negroni
2702,Sea of Cortez
2703,Seapea Fizz
2704,Season Pass
2705,Screened-in Peach
2706,Sculaccione
2707,Sea King
2708,The Search for Delicious
2709,Seat 1A
2710,Second Serve
2711,The Secret Is in the Telling
2712,The Seersucker
2713,Selinon Soother (OG Version)
2714,Sensation (update)
2715,Second Wind
2716,Secret Religion
2717,Self-Starter Cocktail
2718,Señor Staypuff
2719,Sentimental Fool
2720,Sentimental Gentleman
2721,Sepia Tone
2722,Sérieux Noix
2723,Seven Sins
2724,Sex Panther
2725,Separatist Gimlet
2726,Series B
2727,El Seudónimo
2728,Sex In the Rumble Seat
2729,The Sexpert
2730,The Seymour
2731,Sfumato & Rye
2732,Shade in Summer
2733,The Shah Sleeps
2734,The Shark Lady
2735,Sfumato & Repo
2736,Shaddock
2737,Shadows & Tall Trees
2738,The Shark Eye
2739,Shark's Tooth
2740,Sharon
2741,Shattered Dreams
2742,Sheltering Sky
2743,The Sherried Cherry
2744,Shiner
2745,Sharpie Mustache
2746,Shattered Glasser
2747,The Sherbet Fountain
2748,Sherry Jungle Bird
2749,Shipwreck
2750,Shiver
2751,Shot in the Arm
2752,Shrapnel
2753,The Sicilian Conquistador
2754,Sideways in Reverse
2755,Short Rib
2756,Shoulder Season
2757,Sichuan Firework
2758,Sidecar
2759,Sidewinder
2760,Siege of Havana
2761,Siete Cocktail
2762,Silent Pardner
2763,Silver & Sand
2764,Silver Anniversary
2765,Siesta
2766,Silent Order
2767,Silent Partner
2768,Silver 75
2769,Silver Nail
2770,Silver Surfer
2771,Simmer and Smoke
2772,Sin Jefe
2773,Singapore Sling
2774,Sioux City Slugger
2775,Silvio's Algorithm
2776,A Simple Quandary
2777,Singapore Cricket Club Gin Sling
2778,Single Village Fix
2779,Siren of the Tropics
2780,Sissy's Bane
2781,Six Barrel Shotgun
2782,A Six for a Nine
2783,Skeeter
2784,Skinny Tie
2785,Sister Wife
2786,Six Figures
2787,The Six Inch Gold Blade
2788,Sketches of Spain
2789,Slapping Incident
2790,Slaughterhouse Five
2791,Slick Watts
2792,Sloe Loris
2793,Slow Burn
2794,Slowly Goes the Night
2795,Sleepthief
2796,Sling of Aphrodite
2797,Sloppy Possum
2798,A Slow Dance with Pedro Infante
2799,Slurred Word
2800,Small But Mighty
2801,The Smartest Man Alive
2802,"Smoke, Nearby"
2803,Smoke and Fire Sour
2804,Smoke In The Well
2805,Small Dinger
2806,Smoke 'n Choke
2807,Smoke and Fears
2808,Smoke Gets in Your Agav-eyes
2809,Smoke and Mirrors (Alex Day)
2810,Smoke n' Bols
2811,Smoke on the Boulevard
2812,Smoke Signals
2813,Smoked Anise
2814,Smoked Margarita
2815,Smoke on the Beach (Jim Kearns)
2816,Smoke on the Horizon
2817,Smoke and Spice and Everything Nice
2818,Smoked Jack Rabbit
2819,The Smoked Palomino
2820,Smoked Peach
2821,Smoker's Delight
2822,Smokeshow
2823,Smokey Paloma
2824,Smokin' Cherries
2825,Smoked Pear
2826,Smokescreen
2827,The Smokey Old Quartermaster
2828,Smokey's Tangle
2829,Smoking area
2830,Smoking Cap
2831,Smoking Pistol
2832,Smoky Jose
2833,SNAP Happy
2834,Sneaky Bastard
2835,Smoking Jacket
2836,Smoky Blossom
2837,Smoky Nail
2838,Sneaking around
2839,Snow
2840,So Smooth it's Dangerous
2841,Sol y Sombra
2842,The Solipsist
2843,Solomon Grundy
2844,Something Bitter This Way Comes
2845,Sofia
2846,Solera
2847,Solleone
2848,Solstice #2
2849,Somewhere in Time
2850,Son of Santa
2851,Song to the Siren
2852,Songs My Mother Taught Me
2853,The Soothsayer
2854,Sorghum Flip
2855,Song of Solomon
2856,Songbird
2857,Sonic Titan
2858,Sophia Loren
2859,Sound of Silver
2860,Sour de Santos
2861,Souracher
2862,South Park Sling
2863,South Side (Death & Co)
2864,Southall Tonic
2865,Sour Pampered Mousse
2866,South of No North
2867,South Seas Zombie
2868,South Slope
2869,Southbound
2870,Southern Baptist
2871,Southern Goth
2872,Southland
2873,The Sovereign
2874,Spagetti Western
2875,Southern Exposure
2876,Southern Nocello Nights
2877,Southpaw
2878,Space Ape
2879,Spanish Bar Fly
2880,Spanish Coffee Stout
2881,Spanish Negroni
2882,Spanish Sigh
2883,The Special Relationship
2884,Spice Me Up
2885,Spanish Harlem
2886,Spanish Shawl
2887,Spare Parts
2888,The Spice Channel
2889,Spice Road
2890,Spice Trade
2891,Spiced Apple Sour
2892,Spicy Bacon Martini
2893,Spicy Sandilla
2894,Spiked Apple Pie
2895,Spiced Apple Cocktail
2896,Spiced Tamarind Buck
2897,Spicy Kitten
2898,Spiked & Spiced Hot Cider
2899,Spirit of '76
2900,Spirit of Agave
2901,Spiritland
2902,Sprezzatura Royale
2903,Spring in Saint Paul
2904,Spring Reviver
2905,Spirit Animal
2906,Spit & Polish
2907,Spring Cleaning
2908,Spring Pleasure
2909,Spring Rose
2910,Spring Sting
2911,Springtime in Manhattan
2912,Spruce Goose
2913,Spruce Moose (get in smithers)
2914,Spuyten Duyvil
2915,Spring Swing
2916,Spritzcarraldo
2917,Spruce Goose v2
2918,Spur of the Moment
2919,Spy Boy
2920,Spyglass
2921,St. Bruno Swizzle
2922,St. James's Flip
2923,St. Katherine
2924,St Basil
2925,Squeaky Peat
2926,St. Crispin
2927,St. John's Santa Fe
2928,St. Louis Southside
2929,St Columb's Rill
2930,The St-Germain Flamingo-tail
2931,The St-Rita
2932,Stag's Hide
2933,The Stark
2934,Start and Finish
2935,St-Germaine Cocktail
2936,Stache
2937,Starfish & Coffee
2938,Stars Align
2939,Start Wearing Purple
2940,Staten Island
2941,Stay Woke
2942,Steppin' Out
2943,STH
2944,Stink Eye
2945,Stay Gold
2946,Stephen's Cocktail
2947,Stew's Sideyard Punch
2948,Stiletta
2949,Stomach Reviver
2950,Stone Fence (variant 2)
2951,Stormtrooper
2952,Stormy Classic
2953,La Strada
2954,Strange Mercy
2955,Stormin' Normandy
2956,Stormy Bright
2957,Stormy Morning
2958,Strange Bedfellows
2959,Stranger Thing
2960,Stranger things #2
2961,Strangers in Paradise
2962,Strawberry Confusa
2963,Strawberry Rhubarb Cooler
2964,Street Corn Cocktail
2965,Stranger Things #3
2966,The Stranglehold
2967,Strawberry Fields
2968,Strawberry Rhubarb Pieball
2969,Streets of Crocodiles
2970,Streets of Gettysburg
2971,String Theory
2972,Studebaker
2973,A Study in Pink
2974,Sucker in a 3 (three) piece
2975,StregViation
2976,Stringer Bell
2977,The Study
2978,Subterranean
2979,Suffering Travis
2980,Sugarcane Plane
2981,Summer Babe (Winter Version)
2982,Summer Breeze
2983,Summer Hemingway
2984,Summer ITP
2985,Sukkah Hill Spice Box
2986,Summer Blush
2987,Summer of George
2988,Summer in Peloponnese
2989,Summer Rain
2990,Summer's Rathbone
2991,Summer Stalk
2992,Summer Water
2993,Summertime Coconut Punch
2994,Sunbeams Through The Forest Trees
2995,Summer Shack
2996,Summer Sunset Cooler
2997,summer with andy
2998,Sun & Soil
2999,Sunset at Gowanus
3000,Sunset Flip
3001,Super Ego
3002,The Superlative
3003,Sur del Sol
3004,Surfer Rosa
3005,Sunset in the Garden
3006,Super Id
3007,Suppressor #21
3008,Surf Liner
3009,Suze Bramble
3010,Suze in Paradise
3011,Suze Tonic
3012,Suzette
3013,Swagger Cocktail
3014,Swamp Water Fix
3015,Suze-Tequila Sour
3016,Suze and Treuse
3017,Suzie and Jerry
3018,Swagger Rite
3019,Swanky Panky
3020,Swann Martini
3021,Sweatpants & Vodka
3022,Swine & Roses
3023,Swiss Fizz
3024,Sweater Weather
3025,Sweet Caisata
3026,Swipe
3027,T.O.C.(O.C.D.)
3028,Tahitian Equinox
3029,Tainted Love
3030,Tainted Love (Frederic Yarm)
3031,Take on Me
3032,Talisman
3033,Tangerine Dream
3034,Tanglin Club
3035,Take 5
3036,Talbott Leaf
3037,Tallahassee
3038,Tanglewood Ranch
3039,Tantric Moped
3040,Tantris Sidecar
3041,Tastes Foundations
3042,Taylor Precedent
3043,TBD (Thai Basil Daiquiri)
3044,Tea Tree Sour2
3045,Tarzan
3046,Tatooine Sunset
3047,Tazza di Vita
3048,Tea and Krampus
3049,Teenage Riot
3050,Teeth of the Puma
3051,Tempest
3052,Tempus Fugit Fizz
3053,Tequila Amargo
3054,Tequila Mockingbird (altered)
3055,Tellicherry Chilicherry
3056,The Tempest
3057,Ten Month Anniversary
3058,Tequila Dart
3059,Tequila Sunrise (revamped)
3060,Teresa
3061,Teresa No. 5
3062,Terra Firma
3063,Tertulia
3064,Tessmanian Devil
3065,Teresa 2
3066,Terminus
3067,Terra Verde
3068,El Tesoro de Jerez
3069,Test Pilot
3070,Tetanus
3071,Thai Boxer
3072,Thank Me Later
3073,That's So Meta
3074,That Voodoo That Yuzu
3075,Texas Star Margarita
3076,Thai cooler
3077,That's Amore
3078,That Time in Guadalajara
3079,THC
3080,Theobroma
3081,There's Always Money in the Banana Stand
3082,Thin Mint Stinger
3083,Third Day on the Slopes
3084,Third Ward Zombie
3085,There's a Road-Snake On Your Hammie
3086,Thin Mint
3087,The Thing That Should Not Be
3088,Third Shot Drop
3089,This is Not Berlin
3090,Thou Shall Not be Named
3091,A Thousand Blue Eyes
3092,Three Dots and a Dash
3093,Three Scots and a Dash
3094,The Thunderdome
3095,Thoughts & Pears
3096,Three Bitters
3097,Three-Rum Old Fashioned (Franklin Mortgage & Investment Co)
3098,Thrust and Parry
3099,Thyme Machine
3100,Thyme and Thyme Again
3101,Tia Mia
3102,Tidbit
3103,Tiger Lily
3104,Tigress of Forli
3105,Thymely Gibson Martini
3106,The Ticket that Exploded
3107,Ties That Bind
3108,Tiger Stripe
3109,Tijuana Lady
3110,Tijuana Pharmacist
3111,Tiki Wheat
3112,Timbal Manhattan
3113,Tin City Sazerac
3114,Tiquirí
3115,Tiki Diki
3116,Tilting Windmills
3117,Tin Can Telephone
3118,Tipperary (Irish Whiskey)
3119,To Be Continued
3120,To Byrrh or not to Byrrh
3121,Tobacco Road #1
3122,Tobago Flip
3123,"Toh-may-toe, Toh-mah-toe"
3124,Tolkien
3125,To the Point
3126,Tobacco Road #2
3127,Toe Meets Leather
3128,The Tokyo Dagger
3129,Tom Bomb
3130,Tom Collins
3131,Tomato Kiss
3132,Tommy's Margarita
3133,Tongue Thai'd
3134,Tony Chestnut
3135,Tom Crean
3136,Tommy Appleseed
3137,Tommy and the Ron Dels
3138,Tongue Twister
3139,Too many reasons
3140,Tooth & Nail
3141,Toreador
3142,Town Crier
3143,Towsey Typhoon
3144,Trafalgar
3145,Topolobampo Cocktail
3146,Tough as Nails
3147,Towncar
3148,Trading Partners
3149,Trainspotter
3150,Trampled Rose
3151,Trans-Pacific
3152,Trash Polka
3153,Treasure Chest
3154,Tree Fort
3155,Trans-Europe Express
3156,Transatlantic Giant
3157,Traveling Scotsman
3158,The Treasury Banana Daiquiri
3159,The Trembler
3160,Tres Sangres
3161,Tribe of the Horned Heart
3162,Trinidad Sour
3163,Tristam Shandy
3164,Trophy Room Cocktail
3165,Trial By Fire
3166,Trident
3167,Triple Crown
3168,Troisième Rail
3169,Tropic of Capricorn
3170,Tropical Caipirinha
3171,Tropical White Negroni
3172,The Turkey Hill
3173,Turkish Delight Negroni
3174,Turnbuckle
3175,Tropical Popsicle
3176,Tropicale Nuvole
3177,Turkish Coffee
3178,Turn of the Century
3179,Tuscan Mule
3180,Tuscan Toucan
3181,Twice Smitten
3182,Two Birds
3183,Two Graves
3184,Two Islands
3185,(Twice) Improved Whiskey Sour
3186,Two Apples
3187,Two Blushing Pilgrims
3188,Two Hits
3189,Uffizi
3190,Ultimatum
3191,Ulysses
3192,Umeshu Spritz
3193,Un Poivron en Vacances (Mr Pepper on Holiday)
3194,Under the Peruvian Sun
3195,Último de los Oaxaqueño
3196,Ume Klug
3197,Un Café Va Bene
3198,The Undead Gentleman
3199,Under the Volcano
3200,Undercover Angel
3201,"Uno, Dos, Tres"
3202,Untitled
3203,Unusual sour
3204,Upped Ante
3205,Unknown & Disguised
3206,The Unstrung Harp
3207,Unusual Negroni
3208,The Upgraded Paloma
3209,The Upstart
3210,The Urban Prairie
3211,Urbano
3212,Us and Them
3213,Use for Sibilla
3214,Vagabond
3215,VALENCIA COBBLER
3216,Valentino
3217,Vampari
3218,Van Buren
3219,Van Zo Post
3220,Vaquero
3221,Varnish Shamrock
3222,Vatican City
3223,Velho Tomas
3224,Velvet Fog
3225,Variable High Cloudiness and Gusty Winds
3226,Vaseline
3227,Vaya Con Dios
3228,Velo
3229,The Velvet Smoking Jacket
3230,The Velvet Underground
3231,Veneto Negroni
3232,Veracruz
3233,Vernis à Ongle
3234,Verte Chaud
3235,Venetian Spritz
3236,Venus and Cupid
3237,Vermouth Cocktail (Hello Stranger)
3238,Veronica Mars
3239,Vessel 75
3240,Viale alla Cannella
3241,The Vicomte's Sidecar
3242,Vieux Ananas
3243,Vieux Mot
3244,Viking Funeral
3245,Vicomte de Mauduit's Cocktail
3246,Victorian
3247,Vieux Carré
3248,Vieux Pentagone
3249,Viking's Cup
3250,Villa Riviera
3251,Violet Sour
3252,Viper Drop
3253,Virgin's Sacrifice
3254,Viva Alberti
3255,Violet Hour
3256,Violetta thyme
3257,La Virgen
3258,Vital Signs
3259,Vlad the Imbiber
3260,Vlad the Impaler
3261,Vodou Bokor
3262,Voleur de Roses
3263,Vow of Silence
3264,Vow of Silence (Sichuan Garden II)
3265,Wabash Cannonball
3266,Waldorf Special (slight variation)
3267,A Walk in the Clouds
3268,Walker Percy's Mint Julep
3269,Walking Dead
3270,Wall Street Insider
3271,Wander Back
3272,Ward 2
3273,The Warlock's Hat
3274,A Warming Sensation
3275,Walnut Room
3276,Want it dry?
3277,Warehouse C
3278,Warm & Spicy Caress
3279,The Warning Label
3280,Washington Heights cocktail
3281,Waterloo
3282,Watermelon Batida
3283,Waterproof Watch
3284,Weathered Ax
3285,Water Lily
3286,Waterloo Sunset
3287,Watermelon Shandy
3288,"Wearing Jorts, Grinning Madly"
3289,Wedderburn or Bite
3290,Wee Paunch
3291,The Weight
3292,Well-Hung Trellis
3293,West Beach Old Fashioned
3294,Western Passage
3295,Weeper's Joy
3296,Well Deck Clive
3297,Wellspring
3298,West Coast Cocktail
3299,The Westie
3300,The Wet Dream
3301,Where the Sun Shines
3302,Whiskey Rebellion
3303,Whiskey Smash
3304,Whispering Pines
3305,What's Kraken?
3306,Whiskey Business (Dear Irving)
3307,Whiskey Sinister
3308,Whiskey Sour
3309,White Light
3310,White Light / White Heat
3311,White Oak Propeller
3312,Why Don't You Do Right
3313,Wibble
3314,Wigglesworth
3315,White Negroni Piña Colada
3316,Whoville Sling
3317,Why Not
3318,Wicker Sunrise
3319,Wilde Heart
3320,Willa Brown
3321,Williams Fizz
3322,Willie Lee
3323,The Winchester
3324,Windward and Leeward
3325,Williams Christ Superstar
3326,The Williamsburg
3327,Williwaw Swizzle
3328,Windfall
3329,Wings
3330,Winter Cap
3331,Winter Is Coming
3332,Winter's Blush
3333,Winter Solace
3334,Winter Sour
3335,Winter in Mayfair
3336,Winter Manhattan
3337,Winter's Nap / Spring Awakening
3338,Winter Soldier
3339,Winter Sun
3340,Wintery Mix
3341,Wipeout
3342,Wisecrack Fizz
3343,Witches' Blood
3344,Withoutrigger
3345,Wintry Mix
3346,Wisconsin County Road Double Y
3347,Witch Hazel
3348,Witches Jelly
3349,Wooden Shoe
3350,Woodsman Sour
3351,Working in a Coal Mine
3352,World Cup
3353,World's Greatest Hotel Nacional
3354,Would You Artichoke Me? Just A Little?
3355,Woolworth
3356,The Works Margarita
3357,World's Fair
3358,Worldling
3359,Woxum
3360,Wray of Light
3361,Written Word
3362,Wry Grin
3363,The Wry Monk
3364,Wry Smile
3365,Wythe Cocktail
3366,xAll My Favorite Bands Are Straight Edgex
3367,Xocula
3368,Yacht Club
3369,Yakima
3370,Yale Cocktail
3371,Yamabuki Whisky Cocktail
3372,Yellow Bell
3373,Yellow Raj
3374,You Can't Catch Me
3375,Yama Blanca
3376,Years Of Worry
3377,The Yellow Cocktail
3378,"Yesterday, Today and Amaro"
3379,You Look Great When I'm High
3380,You're a Fine Girl
3381,You've Got It
3382,Your Cover's Blown
3383,Ys Street Band
3384,Yuletidal Wave
3385,You're My Boy Blue
3386,Youngstown Tube
3387,Your Garden Variety Cocktail
3388,Yukon Cornelious
3389,Yuletide
3390,Yvonne's Toronto
3391,Zanadu
3392,The Zeppelin
3393,Zester Cocktail
3394,Zócalo Viejo
3395,Zombie Apocalypse
3396,Zaya Shipwreck
3397,Zerlina
3398,Zocalo
3399,Zombie
3400,Zombie Count
3401,Zombie Island Punch
3402,Zuzu's Petals
3403,Zwack Attack
3404,Zwei
